"esa_pop_name","species","run","name","stock","origin","release_location"
"Salmon, coho (Lower Columbia River ESU) Elochoman River - late","coho","fall","BEAVER CR HATCHERY","Grays River","Hatchery Origin","BEAVER CR RELEASES    25.0247"
"Salmon, coho (Lower Columbia River ESU) Elochoman River - late","coho","fall","BEAVER CR HATCHERY","Grays River","Mixed Hatchery/Wild Origin","BEAVER CR RELEASES    25.0247"
"Salmon, coho (Lower Columbia River ESU) Elochoman River - late","coho","fall","BEAVER CR HATCHERY","Elochoman River","Hatchery Origin","BEAVER CR RELEASES    25.0247"
"Salmon, coho (Lower Columbia River ESU) Elochoman River - late","coho","fall","BEAVER CR HATCHERY","Elochoman River","Mixed Hatchery/Wild Origin","ELOCHOMAN R  25.0236"
"Salmon, coho (Lower Columbia River ESU) Elochoman River - late","coho","fall","BEAVER CR HATCHERY","Elochoman River","Mixed Hatchery/Wild Origin","BEAVER CR RELEASES    25.0247"
"Salmon, coho (Lower Columbia River ESU) Kalama River - late","coho","fall","FALLERT CR HATCHERY","Kalama River","Mixed Hatchery/Wild Origin","FALLERT CR   27.0017"
"Salmon, coho (Lower Columbia River ESU) Kalama River - late","coho","fall","KALAMA FALLS HATCHERY","Kalama River","Mixed Hatchery/Wild Origin","KALAMA R     27.0002"
"Salmon, coho (Lower Columbia River ESU) Kalama River - late","coho","fall","KALAMA FALLS HATCHERY","Kalama Hatchery Stock","Hatchery Origin","KALAMA R     27.0002"
"Salmon, coho (Lower Columbia River ESU) Washougal River - late","coho","fall","WASHOUGAL HATCHERY","Washougal River","Hatchery Origin","WASHOUGAL R  28.0159"
"Salmon, coho (Lower Columbia River ESU) Washougal River - late","coho","fall","WASHOUGAL HATCHERY","Washougal River","Mixed Hatchery/Wild Origin","WASHOUGAL R  28.0159"
"Salmon, coho (Lower Columbia River ESU) North Fork Lewis River - early and late","coho","fall","LEWIS RIVER HATCHERY","Lewis River","Hatchery Origin","LEWIS R -NF  27.0168"
"Salmon, coho (Lower Columbia River ESU) North Fork Lewis River - early and late","coho","fall","SPEELYAI BAY NP","Lewis River","Hatchery Origin","LEWIS R -NF  27.0168"
"Salmon, coho (Lower Columbia River ESU) North Fork Lewis River - early and late","coho","fall","LEWIS RIVER HATCHERY","Lewis River","Hatchery Origin","LEWIS R      27.0168"
"Salmon, coho (Lower Columbia River ESU) North Fork Lewis River - early and late","coho","fall","LEWIS RIVER HATCHERY","Lewis River","Mixed Hatchery/Wild Origin","LEWIS R -NF  27.0168"
"Salmon, coho (Lower Columbia River ESU) North Fork Lewis River - early and late","coho","fall","LEWIS RIVER HATCHERY","Lewis River","Mixed Hatchery/Wild Origin","LEWIS R      27.0168"
"Salmon, coho (Lower Columbia River ESU) North Fork Lewis River - early and late","coho","fall","LEWIS RIVER HATCHERY","Lewis River Hatchery Stock","Hatchery Origin","LEWIS R -NF  27.0168"
"Salmon, chum (Columbia River ESU) Lewis River - fall","chum","fall","LEWIS RIVER HATCHERY","I-205","Wild Origin","LEWIS R -EF  27.0173"
"Salmon, chum (Columbia River ESU) Lewis River - fall","chum","fall","VANCOUVER HATCHERY","I-205","Wild Origin","LEWIS R      27.0168"
"Salmon, chum (Columbia River ESU) Lewis River - fall","chum","fall","VANCOUVER HATCHERY","I-205","Wild Origin","LEWIS R -EF  27.0173"
"Steelhead (Lower Columbia River DPS) North Fork Lewis River - winter","steelhead","winter","MERWIN HATCHERY","Lewis River","Hatchery Origin","LEWIS R -NF  27.0168"
"Steelhead (Lower Columbia River DPS) North Fork Lewis River - winter","steelhead","winter","MERWIN HATCHERY","Lewis River","Wild Origin","LEWIS R -NF  27.0168"
"Steelhead (Lower Columbia River DPS) North Fork Lewis River - winter","steelhead","winter","MERWIN HATCHERY","Skamania","Hatchery Origin","LEWIS R -NF  27.0168"
"Steelhead (Lower Columbia River DPS) North Fork Lewis River - winter","steelhead","winter","MERWIN HATCHERY","Merwin Hatchery Stock","Hatchery Origin","LEWIS R -NF  27.0168"
"Salmon, chum (Columbia River ESU) Elochoman River - fall","chum","fall","BEAVER CR HATCHERY","Grays River","Mixed Hatchery/Wild Origin","SKAMOKAWA CR 25.0194"
"Steelhead (Lower Columbia River DPS) Kalama River - summer","steelhead","summer","FALLERT CR HATCHERY","Skamania","Hatchery Origin","FALLERT CR   27.0017"
"Steelhead (Lower Columbia River DPS) Kalama River - summer","steelhead","summer","KALAMA FALLS HATCHERY","Kalama River","Wild Origin","KALAMA R     27.0002"
"Steelhead (Lower Columbia River DPS) Kalama River - summer","steelhead","summer","GOBAR POND      (27)","Kalama River","Wild Origin","GOBAR CR     27.0073"
"Steelhead (Lower Columbia River DPS) Kalama River - summer","steelhead","summer","FALLERT CR HATCHERY","Kalama River","Wild Origin","FALLERT CR   27.0017"
"Steelhead (Lower Columbia River DPS) East Fork Lewis River - winter","steelhead","winter","SKAMANIA HATCHERY","Skamania","Hatchery Origin","LEWIS R -EF  27.0173"
"Steelhead (Lower Columbia River DPS) Washougal River - winter","steelhead","winter","SKAMANIA HATCHERY","Skamania","Hatchery Origin","WASHOUGAL R  28.0159"
"Steelhead (Lower Columbia River DPS) Washougal River - winter","steelhead","winter","SKAMANIA HATCHERY","Skamania","Hatchery Origin","WASHOUGAL-NF 28.0200"
"Steelhead (Lower Columbia River DPS) Washougal River - winter","steelhead","winter","SKAMANIA HATCHERY","Eagle Creek Hatchery Stock","Hatchery Origin","WASHOUGAL-NF 28.0200"
"Steelhead (Lower Columbia River DPS) Washougal River - winter","steelhead","winter","SKAMANIA HATCHERY","Big Creek, OR","Hatchery Origin","WASHOUGAL-NF 28.0200"
"Steelhead (Lower Columbia River DPS) Washougal River - winter","steelhead","winter","SKAMANIA HATCHERY","Sandy River Stock, OR","Hatchery Origin","WASHOUGAL R  28.0159"
"Steelhead (Lower Columbia River DPS) Washougal River - winter","steelhead","winter","SKAMANIA HATCHERY","Skamania Hatchery Stock","Hatchery Origin","WASHOUGAL-NF 28.0200"
"Steelhead (Lower Columbia River DPS) Washougal River - winter","steelhead","winter","SKAMANIA HATCHERY","Skamania Hatchery Stock","Hatchery Origin","WASHOUGAL R  28.0159"
"Steelhead (Lower Columbia River DPS) Upper Cowlitz River - winter","steelhead","winter","COWLITZ TROUT HATCHERY","Upper Cowlitz River","Mixed Hatchery/Wild Origin","Upper Cowlitz River"
"Steelhead (Lower Columbia River DPS) Upper Cowlitz River - winter","steelhead","winter","COWLITZ TROUT HATCHERY","Upper Cowlitz River","Wild Origin","Upper Cowlitz River"
"Steelhead (Lower Columbia River DPS) Tilton River - winter","steelhead","winter","COWLITZ TROUT HATCHERY","Tilton River","Mixed Hatchery/Wild Origin","Tilton River"
"Steelhead (Lower Columbia River DPS) Tilton River - winter","steelhead","winter","COWLITZ TROUT HATCHERY","Tilton River","Wild Origin","Tilton River"
"Steelhead (Lower Columbia River DPS) Upper Gorge Tributaries - winter","steelhead","winter","SKAMANIA HATCHERY","Skamania","Hatchery Origin","ROCK CR      29.0002"
"Steelhead (Lower Columbia River DPS) Upper Gorge Tributaries - winter","steelhead","winter","SKAMANIA HATCHERY","Skamania","Hatchery Origin","ROCK CR      29.0133"
"Steelhead (Lower Columbia River DPS) Upper Gorge Tributaries - winter","steelhead","winter","SKAMANIA HATCHERY","Eagle Creek Hatchery Stock","Hatchery Origin","ROCK CR      29.0133"
"Steelhead (Lower Columbia River DPS) Upper Gorge Tributaries - winter","steelhead","winter","SKAMANIA HATCHERY","Big Creek, OR","Hatchery Origin","ROCK CR      29.0133"
"Steelhead (Lower Columbia River DPS) Upper Gorge Tributaries - winter","steelhead","winter","SKAMANIA HATCHERY","Sandy River Stock, OR","Hatchery Origin","ROCK CR      29.0133"
"Steelhead (Lower Columbia River DPS) Upper Gorge Tributaries - winter","steelhead","winter","SKAMANIA HATCHERY","Skamania Hatchery Stock","Hatchery Origin","ROCK CR      29.0133"
"Steelhead (Lower Columbia River DPS) Kalama River - winter","steelhead","winter","FALLERT CR HATCHERY","Kalama River","Wild Origin","FALLERT CR   27.0017"
"Steelhead (Lower Columbia River DPS) Kalama River - winter","steelhead","winter","GOBAR POND      (27)","Kalama River","Wild Origin","GOBAR CR     27.0073"
"Steelhead (Lower Columbia River DPS) Kalama River - winter","steelhead","winter","KALAMA FALLS HATCHERY","Kalama River","Hatchery Origin","KALAMA R     27.0002"
"Steelhead (Lower Columbia River DPS) Kalama River - winter","steelhead","winter","GOBAR POND      (27)","Kalama River","Wild Origin","KALAMA R     27.0002"
"Steelhead (Lower Columbia River DPS) Kalama River - winter","steelhead","winter","KALAMA FALLS HATCHERY","Kalama Falls Hatchery","Hatchery Origin","KALAMA R     27.0002"
"Steelhead (Lower Columbia River DPS) Salmon Creek - winter","steelhead","winter","SKAMANIA HATCHERY","Skamania","Hatchery Origin","SALMON CR    28.0059"
"Steelhead (Lower Columbia River DPS) Salmon Creek - winter","steelhead","winter","KLINELINE PONDS","Skamania","Hatchery Origin","SALMON CR    28.0059"
"Steelhead (Lower Columbia River DPS) Salmon Creek - winter","steelhead","winter","KLINELINE PONDS","Kalama River","Hatchery Origin","SALMON CR    28.0059"
"Steelhead (Lower Columbia River DPS) Salmon Creek - winter","steelhead","winter","KLINELINE PONDS","Elochoman River","Hatchery Origin","SALMON CR    28.0059"
"Steelhead (Lower Columbia River DPS) Salmon Creek - winter","steelhead","winter","KLINELINE PONDS","Kalama Falls Hatchery","Hatchery Origin","SALMON CR    28.0059"
"Steelhead (Lower Columbia River DPS) Salmon Creek - winter","steelhead","winter","KLINELINE PONDS","Lower Cowlitz River","Mixed Hatchery/Wild Origin","SALMON CR    28.0059"
"Steelhead (Lower Columbia River DPS) Salmon Creek - winter","steelhead","winter","SKAMANIA HATCHERY","Lower Cowlitz River","Mixed Hatchery/Wild Origin","SALMON CR    28.0059"
"Steelhead (Lower Columbia River DPS) North Fork Lewis River - summer","steelhead","summer","MERWIN HATCHERY","Lewis River","Hatchery Origin","LEWIS R -NF  27.0168"
"Steelhead (Lower Columbia River DPS) North Fork Lewis River - summer","steelhead","summer","MERWIN HATCHERY","Merwin Hatchery Stock","Hatchery Origin","LEWIS R -NF  27.0168"
"Steelhead (Lower Columbia River DPS) East Fork Lewis River - summer","steelhead","summer","SKAMANIA HATCHERY","Skamania","Hatchery Origin","LEWIS R -EF  27.0173"
"Steelhead (Lower Columbia River DPS) Washougal River - summer","steelhead","summer","SKAMANIA HATCHERY","Skamania","Hatchery Origin","WASHOUGAL R  28.0159"
"Steelhead (Lower Columbia River DPS) Washougal River - summer","steelhead","summer","SKAMANIA HATCHERY","Skamania","Hatchery Origin","WASHOUGAL-NF 28.0200"
"Steelhead (Lower Columbia River DPS) Washougal River - summer","steelhead","summer","SKAMANIA HATCHERY","Skamania Hatchery Stock","Hatchery Origin","WASHOUGAL-NF 28.0200"
"Steelhead (Lower Columbia River DPS) Washougal River - summer","steelhead","summer","SKAMANIA HATCHERY","Skamania Hatchery Stock","Hatchery Origin","WASHOUGAL R  28.0159"
"Steelhead (Southwest Washington DPS) Elochoman River - winter","steelhead","winter","BEAVER CR HATCHERY","Elochoman River","Hatchery Origin","BEAVER CR RELEASES    25.0247"
"Steelhead (Southwest Washington DPS) Elochoman River - winter","steelhead","winter","BEAVER CR HATCHERY","Grays River","Hatchery Origin","BEAVER CR RELEASES    25.0247"
"Steelhead (Southwest Washington DPS) Elochoman River - winter","steelhead","winter","BEAVER CR HATCHERY","Lewis River","Hatchery Origin","BEAVER CR RELEASES    25.0247"
"Steelhead (Southwest Washington DPS) Elochoman River - winter","steelhead","winter","BEAVER CR HATCHERY","Skamania","Hatchery Origin","BEAVER CR RELEASES    25.0247"
"Steelhead (Southwest Washington DPS) Elochoman River - winter","steelhead","winter","BEAVER CR HATCHERY","Kalama River","Hatchery Origin","BEAVER CR RELEASES    25.0247"
"Steelhead (Southwest Washington DPS) Elochoman River - winter","steelhead","winter","BEAVER CR HATCHERY","Beaver Creek Hatchery Stock","Hatchery Origin","BEAVER CR RELEASES    25.0247"
"Steelhead (Southwest Washington DPS) Elochoman River - winter","steelhead","winter","BEAVER CR HATCHERY","Merwin Hatchery Stock","Hatchery Origin","BEAVER CR RELEASES    25.0247"
"Steelhead (Southwest Washington DPS) Elochoman River - winter","steelhead","winter","BEAVER CR HATCHERY","Big Creek, OR","Hatchery Origin","BEAVER CR RELEASES    25.0247"
"Steelhead (Southwest Washington DPS) Elochoman River - winter","steelhead","winter","BEAVER CR HATCHERY","Beaver Creek Hatchery Stock","Hatchery Origin","ELOCHOMAN R  25.0236"
"Salmon, chum (Columbia River ESU) Lower Gorge Tributaries - fall","chum","fall","WASHOUGAL HATCHERY","Columbia River","Wild Origin","DUNCAN CR    28.0296"
"Salmon, chum (Columbia River ESU) Lower Gorge Tributaries - fall","chum","fall","VANCOUVER HATCHERY","Columbia River","Wild Origin","DUNCAN CR    28.0296"
"Steelhead (Southwest Washington DPS) Grays and Chinook Rivers - winter","steelhead","winter","GRAYS RIVER HATCHERY","Elochoman River","Hatchery Origin","GRAYS R -WF  25.0131"
"Steelhead (Southwest Washington DPS) Grays and Chinook Rivers - winter","steelhead","winter","GRAYS RIVER HATCHERY","Grays River","Hatchery Origin","GRAYS R -WF  25.0131"
"Salmon, chum (Columbia River ESU) Grays and Chinook Rivers - fall","chum","fall","GRAYS RIVER HATCHERY","Grays River","Mixed Hatchery/Wild Origin","GRAYS R      25.0093"
"Salmon, chum (Columbia River ESU) Grays and Chinook Rivers - fall","chum","fall","BEAVER CR HATCHERY","Grays River","Mixed Hatchery/Wild Origin","GRAYS R      25.0093"
"Salmon, Chinook (Lower Columbia River ESU) Washougal River - fall","chinook","fall","WASHOUGAL HATCHERY","Washougal River","Mixed Hatchery/Wild Origin","WASHOUGAL R  28.0159"
"Salmon, Chinook (Lower Columbia River ESU) Washougal River - fall","chinook","fall","WASHOUGAL HATCHERY","Washougal River","Hatchery Origin","WASHOUGAL R  28.0159"
"Salmon, Chinook (Lower Columbia River ESU) Washougal River - fall","chinook","fall","WASHOUGAL HATCHERY","Washougal River Hatchery Stock","Mixed Hatchery/Wild Origin","WASHOUGAL R  28.0159"
"Salmon, Chinook (Lower Columbia River ESU) Lower Cowlitz River - fall","chinook","fall","COWLITZ SALMON HATCHERY","Cowlitz River","Mixed Hatchery/Wild Origin","COWLITZ R    26.0002"
"Salmon, Chinook (Lower Columbia River ESU) Lower Cowlitz River - fall","chinook","fall","COWLITZ SALMON HATCHERY","Cowlitz River","Hatchery Origin","COWLITZ R    26.0002"
"Salmon, Chinook (Lower Columbia River ESU) Lower Cowlitz River - fall","chinook","fall","COWLITZ SALMON HATCHERY","Cowlitz River Hatchery Stock","Hatchery Origin","COWLITZ R    26.0002"
"Salmon, Chinook (Lower Columbia River ESU) Kalama River - fall","chinook","fall","FALLERT CR HATCHERY","Kalama River","Mixed Hatchery/Wild Origin","FALLERT CR   27.0017"
"Salmon, Chinook (Lower Columbia River ESU) Kalama River - fall","chinook","fall","KALAMA FALLS HATCHERY","Kalama River","Mixed Hatchery/Wild Origin","KALAMA R     27.0002"
"Salmon, Chinook (Lower Columbia River ESU) Kalama River - fall","chinook","fall","FALLERT CR HATCHERY","Kalama Hatchery Stock","Hatchery Origin","FALLERT CR   27.0017"
"Salmon, Chinook (Lower Columbia River ESU) Kalama River - fall","chinook","fall","KALAMA FALLS HATCHERY","Kalama Hatchery Stock","Hatchery Origin","KALAMA R     27.0002"
"Salmon, Chinook (Lower Columbia River ESU) North Fork Lewis River - spring","chinook","spring","LEWIS RIVER HATCHERY","Lewis River","Hatchery Origin","LEWIS R -NF  27.0168"
"Salmon, Chinook (Lower Columbia River ESU) North Fork Lewis River - spring","chinook","spring","SPEELYAI HATCHERY","Lewis River","Hatchery Origin","LEWIS R -NF  27.0168"
"Salmon, Chinook (Lower Columbia River ESU) North Fork Lewis River - spring","chinook","spring","SPEELYAI HATCHERY","Lewis River","Mixed Hatchery/Wild Origin","LEWIS R -NF  27.0168"
"Salmon, Chinook (Lower Columbia River ESU) North Fork Lewis River - spring","chinook","spring","SPEELYAI HATCHERY","Lewis River","Mixed Hatchery/Wild Origin","LEWIS R      27.0168"
"Salmon, Chinook (Lower Columbia River ESU) North Fork Lewis River - spring","chinook","spring","LEWIS RIVER HATCHERY","Lewis River Hatchery Stock","Hatchery Origin","LEWIS R      27.0168"
"Salmon, Chinook (Lower Columbia River ESU) North Fork Lewis River - spring","chinook","spring","LEWIS RIVER HATCHERY","Lewis River Hatchery Stock","Hatchery Origin","LEWIS R -NF  27.0168"
"Salmon, Chinook (Lower Columbia River ESU) North Fork Lewis River - spring","chinook","spring","SPEELYAI HATCHERY","Lewis River Hatchery Stock","Hatchery Origin","LEWIS R      27.0168"
"Salmon, Chinook (Lower Columbia River ESU) North Fork Lewis River - spring","chinook","spring","SPEELYAI HATCHERY","Lewis River Hatchery Stock","Hatchery Origin","LEWIS R -NF  27.0168"
"Salmon, Chinook (Lower Columbia River ESU) Kalama River - spring","chinook","spring","FALLERT CR HATCHERY","Kalama River","Hatchery Origin","FALLERT CR   27.0017"
"Salmon, Chinook (Lower Columbia River ESU) Kalama River - spring","chinook","spring","GOBAR POND      (27)","Kalama River","Hatchery Origin","GOBAR CR     27.0073"
"Salmon, Chinook (Lower Columbia River ESU) Kalama River - spring","chinook","spring","FALLERT CR HATCHERY","Kalama Hatchery Stock","Hatchery Origin","FALLERT CR   27.0017"
"Salmon, Chinook (Lower Columbia River ESU) Toutle River - fall","chinook","fall","NORTH TOUTLE HATCHERY","Toutle River","Mixed Hatchery/Wild Origin","GREEN R      26.0323"
"Salmon, Chinook (Lower Columbia River ESU) Grays and Chinook Rivers - fall","chinook","fall","DEEP R NET PENS","Washougal River","Mixed Hatchery/Wild Origin","DEEP R       25.0071"
"Salmon, Chinook (Lower Columbia River ESU) Grays and Chinook Rivers - fall","chinook","fall","DEEP R NET PENS","Washougal River","Hatchery Origin","DEEP R       25.0071"
"Salmon, Chinook (Lower Columbia River ESU) Grays and Chinook Rivers - fall","chinook","fall","DEEP R NET PENS","Kalama River","Mixed Hatchery/Wild Origin","DEEP R       25.0071"
"Salmon, Chinook (Lower Columbia River ESU) Grays and Chinook Rivers - fall","chinook","fall","DEEP R NET PENS","Elochoman River","Hatchery Origin","DEEP R       25.0071"
"Salmon, Chinook (Lower Columbia River ESU) Grays and Chinook Rivers - fall","chinook","fall","DEEP R NET PENS","Washougal River Hatchery Stock","Hatchery Origin","DEEP R       25.0071"
"Salmon, Chinook (Lower Columbia River ESU) Upper Cowlitz River - spring","chinook","spring","COWLITZ SALMON HATCHERY","Cowlitz River","Hatchery Origin","Upper Cowlitz River"
"Salmon, Chinook (Lower Columbia River ESU) Upper Cowlitz River - spring","chinook","spring","DEEP R NET PENS","Cowlitz River","Hatchery Origin","Upper Cowlitz River"
"Salmon, Chinook (Lower Columbia River ESU) Upper Cowlitz River - spring","chinook","spring","FALLERT CR HATCHERY","Cowlitz River","Hatchery Origin","Upper Cowlitz River"
"Salmon, Chinook (Lower Columbia River ESU) Upper Cowlitz River - spring","chinook","spring","COWLITZ SALMON HATCHERY","Cowlitz River Hatchery Stock","Hatchery Origin","Upper Cowlitz River"
"Salmon, Chinook (Lower Columbia River ESU) Upper Cowlitz River - spring","chinook","spring","DEEP R NET PENS","Cowlitz River Hatchery Stock","Hatchery Origin","Upper Cowlitz River"
"Steelhead (Lower Columbia River DPS) Lower Cowlitz River - winter","steelhead","winter","COWLITZ TROUT HATCHERY","Cowlitz River","Hatchery Origin","BLUE CR      26.0527"
"Steelhead (Lower Columbia River DPS) Lower Cowlitz River - winter","steelhead","winter","COWLITZ TROUT HATCHERY","Cowlitz River","Hatchery Origin","COWLITZ R    26.0002"
"Steelhead (Lower Columbia River DPS) Lower Cowlitz River - winter","steelhead","winter","COWLITZ TROUT HATCHERY","Cowlitz River","Wild Origin","BLUE CR      26.0527"
"Steelhead (Lower Columbia River DPS) Lower Cowlitz River - winter","steelhead","winter","COWLITZ TROUT HATCHERY","Lower Cowlitz River","Mixed Hatchery/Wild Origin","BLUE CR      26.0527"
"Steelhead (Lower Columbia River DPS) Lower Cowlitz River - winter","steelhead","winter","COWLITZ TROUT HATCHERY","Lower Cowlitz River","Mixed Hatchery/Wild Origin","COWLITZ R    26.0002"
"Steelhead (Lower Columbia River DPS) Lower Cowlitz River - winter","steelhead","winter","COWLITZ TROUT HATCHERY","Lower Cowlitz River","Hatchery Origin","BLUE CR      26.0527"
"Salmon, coho (Lower Columbia River ESU) Upper Cowlitz River - early and late","coho","fall","COWLITZ SALMON HATCHERY","Upper Cowlitz River","Hatchery Origin","Upper Cowlitz River"
"Salmon, coho (Lower Columbia River ESU) Upper Cowlitz River - early and late","coho","fall","COWLITZ SALMON HATCHERY","Upper Cowlitz River","Mixed Hatchery/Wild Origin","Upper Cowlitz River"
"Salmon, coho (Lower Columbia River ESU) North Fork Toutle River - early and late","coho","fall","NORTH TOUTLE HATCHERY","Toutle River","Mixed Hatchery/Wild Origin","GREEN R      26.0323"
"Salmon, coho (Lower Columbia River ESU) North Fork Toutle River - early and late","coho","fall","NORTH TOUTLE HATCHERY","Toutle River","Wild Origin","GREEN R      26.0323"
"Salmon, coho (Lower Columbia River ESU) North Fork Toutle River - early and late","coho","fall","NORTH TOUTLE HATCHERY","Toutle River","Hatchery Origin","GREEN R      26.0323"
"Salmon, coho (Lower Columbia River ESU) Lower Cowlitz River - late","coho","fall","COWLITZ SALMON HATCHERY","Cowlitz River","Hatchery Origin","COWLITZ R    26.0002"
"Salmon, coho (Lower Columbia River ESU) Lower Cowlitz River - late","coho","fall","COWLITZ SALMON HATCHERY","Cowlitz River","Wild Origin","COWLITZ R    26.0002"
"Salmon, coho (Lower Columbia River ESU) Lower Cowlitz River - late","coho","fall","COWLITZ SALMON HATCHERY","Cowlitz River Hatchery Stock","Hatchery Origin","COWLITZ R    26.0002"
"Salmon, coho (Lower Columbia River ESU) Grays and Chinook Rivers - late","coho","fall","DEEP R NET PENS","Lewis River","Hatchery Origin","DEEP R       25.0071"
"Salmon, coho (Lower Columbia River ESU) Grays and Chinook Rivers - late","coho","fall","DEEP R NET PENS","Grays River","Mixed Hatchery/Wild Origin","DEEP R       25.0071"
"Salmon, coho (Lower Columbia River ESU) Grays and Chinook Rivers - late","coho","fall","DEEP R NET PENS","Toutle River","Mixed Hatchery/Wild Origin","DEEP R       25.0071"
"Salmon, coho (Lower Columbia River ESU) Grays and Chinook Rivers - late","coho","fall","GRAYS RIVER HATCHERY","Grays River","Mixed Hatchery/Wild Origin","GRAYS R -WF  25.0131"
"Salmon, coho (Lower Columbia River ESU) Grays and Chinook Rivers - late","coho","fall","DEEP R NET PENS","Toutle River","Hatchery Origin","DEEP R       25.0071"
"Salmon, coho (Lower Columbia River ESU) Grays and Chinook Rivers - late","coho","fall","GRAYS RIVER HATCHERY","Grays River","Hatchery Origin","GRAYS R -WF  25.0131"
"Salmon, coho (Lower Columbia River ESU) Grays and Chinook Rivers - late","coho","fall","DEEP R NET PENS","Kalama River","Mixed Hatchery/Wild Origin","DEEP R       25.0071"
"Salmon, coho (Lower Columbia River ESU) Grays and Chinook Rivers - late","coho","fall","DEEP R NET PENS","Lewis River","Hatchery Origin","COL R @ RM  18.2"
"Salmon, coho (Lower Columbia River ESU) Grays and Chinook Rivers - late","coho","fall","DEEP R NET PENS","Cascade River (Oregon)","Hatchery Origin","COL R @ RM  18.2"
"Salmon, coho (Lower Columbia River ESU) Grays and Chinook Rivers - late","coho","fall","DEEP R NET PENS","Kalama River","Hatchery Origin","DEEP R       25.0071"
"Salmon, coho (Lower Columbia River ESU) Grays and Chinook Rivers - late","coho","fall","DEEP R NET PENS","Grays River","Hatchery Origin","DEEP R       25.0071"
"Salmon, coho (Lower Columbia River ESU) Grays and Chinook Rivers - late","coho","fall","DEEP R NET PENS","Kalama Hatchery Stock","Hatchery Origin","DEEP R       25.0071"
"Salmon, coho (Lower Columbia River ESU) Grays and Chinook Rivers - late","coho","fall","DEEP R NET PENS","Elochoman River","Hatchery Origin","DEEP R       25.0071"
"Salmon, coho (Lower Columbia River ESU) Grays and Chinook Rivers - late","coho","fall","DEEP R NET PENS","Washougal River Hatchery Stock","Hatchery Origin","DEEP R       25.0071"
"Salmon, coho (Lower Columbia River ESU) Grays and Chinook Rivers - late","coho","fall","DEEP R NET PENS","Elochoman River","Mixed Hatchery/Wild Origin","DEEP R       25.0071"
"Steelhead (Lower Columbia River DPS) Upper Gorge Tributaries - winter","steelhead","winter","SKAMANIA HATCHERY","Skamania","Hatchery Origin","DRANO LK (SKAM)"
"Steelhead (Lower Columbia River DPS) North Fork Toutle River - winter","steelhead","winter","NORTH TOUTLE HATCHERY","Skamania","Hatchery Origin","GREEN R      26.0323"
"Steelhead (Southwest Washington DPS) Elochoman River - winter","steelhead","winter","BEAVER CR HATCHERY","Skamania Hatchery Stock","Hatchery Origin","BEAVER CR RELEASES    25.0247"
"Steelhead (Southwest Washington DPS) Elochoman River - winter","steelhead","winter","BEAVER CR HATCHERY","Skamania Hatchery Stock","Hatchery Origin","ELOCHOMAN R  25.0236"
"Salmon, Chinook (Lower Columbia River ESU) Grays and Chinook Rivers - fall","chinook","fall","DEEP R NET PENS","Kalama Hatchery Stock","Hatchery Origin","DEEP R       25.0071"
"Steelhead (Lower Columbia River DPS) Lower Cowlitz River - winter","steelhead","winter","COWLITZ TROUT HATCHERY","Cowlitz River Hatchery Stock","Hatchery Origin","BLUE CR      26.0527"
"Steelhead (Lower Columbia River DPS) Lower Cowlitz River - winter","steelhead","winter","COWLITZ TROUT HATCHERY","Merwin Hatchery Stock","Hatchery Origin","COWLITZ R    26.0002"
"Steelhead (Lower Columbia River DPS) Lower Cowlitz River - winter","steelhead","winter","COWLITZ TROUT HATCHERY","Skamania Hatchery Stock","Hatchery Origin","COWLITZ R    26.0002"
"Steelhead (Lower Columbia River DPS) South Fork Toutle River - winter","steelhead","winter","SOUTH FORK TOUTLE PONDS","Skamania","Hatchery Origin","TOUTLE R-SF  26.0248"
"Steelhead (Lower Columbia River DPS) South Fork Toutle River - winter","steelhead","winter","SOUTH FORK TOUTLE PONDS","Lewis River","Hatchery Origin","TOUTLE R-SF  26.0248"
"Steelhead (Lower Columbia River DPS) South Fork Toutle River - winter","steelhead","winter","SOUTH FORK TOUTLE PONDS","Skamania Hatchery Stock","Hatchery Origin","TOUTLE R-SF  26.0248"
